ds,y
2020-07-28T12:00:00.000,688729
2020-07-28T12:10:00.000,604121
2020-07-28T12:20:00.000,572175
2020-07-28T12:30:00.000,537958
2020-07-28T12:40:00.000,533217
2020-07-28T12:50:00.000,647413
2020-07-28T13:00:00.000,958687
2020-07-28T13:10:00.000,1006511
2020-07-28T13:20:00.000,1053109
2020-07-28T13:30:00.000,1143277
2020-07-28T13:40:00.000,1110930
2020-07-28T13:50:00.000,1116638
2020-07-28T14:00:00.000,1079541
2020-07-28T14:10:00.000,1079616
2020-07-28T14:20:00.000,1085433
2020-07-28T14:30:00.000,1095324
2020-07-28T14:40:00.000,1042415
2020-07-28T14:50:00.000,1082226
2020-07-28T15:00:00.000,1054761
2020-07-28T15:10:00.000,1090690
2020-07-28T15:20:00.000,1097130
2020-07-28T15:30:00.000,1094674
2020-07-28T15:40:00.000,1126474
2020-07-28T15:50:00.000,1155437
2020-07-28T16:00:00.000,1124530
2020-07-28T16:10:00.000,1182221
2020-07-28T16:20:00.000,1191426
2020-07-28T16:30:00.000,1172793
2020-07-28T16:40:00.000,1218806
2020-07-28T16:50:00.000,1257329
2020-07-28T17:00:00.000,1233337
2020-07-28T17:10:00.000,1183696
2020-07-28T17:20:00.000,1218858
2020-07-28T17:30:00.000,1139136
2020-07-28T17:40:00.000,1071866
2020-07-28T17:50:00.000,1097425
2020-07-28T18:00:00.000,932584
2020-07-28T18:10:00.000,654950
2020-07-28T18:20:00.000,518930
2020-07-28T18:30:00.000,455317
2020-07-28T18:40:00.000,374389
2020-07-28T18:50:00.000,349628
2020-07-28T19:00:00.000,315495
2020-07-28T19:10:00.000,277972
2020-07-28T19:20:00.000,239268
2020-07-28T19:30:00.000,227690
2020-07-28T19:40:00.000,206261
2020-07-28T19:50:00.000,176779
2020-07-28T20:00:00.000,171851
2020-07-28T20:10:00.000,147232
2020-07-28T20:20:00.000,140736
2020-07-28T20:30:00.000,134323
2020-07-28T20:40:00.000,124015
2020-07-28T20:50:00.000,129243
2020-07-28T21:00:00.000,130414
2020-07-28T21:10:00.000,109140
2020-07-28T21:20:00.000,108209
2020-07-28T21:30:00.000,92393
2020-07-28T21:40:00.000,103084
2020-07-28T21:50:00.000,92199
2020-07-28T22:00:00.000,84233
2020-07-28T22:10:00.000,77761
2020-07-28T22:20:00.000,75422
2020-07-28T22:30:00.000,79006
2020-07-28T22:40:00.000,81242
2020-07-28T22:50:00.000,77397
2020-07-28T23:00:00.000,78432
2020-07-28T23:10:00.000,69109
2020-07-28T23:20:00.000,74025
2020-07-28T23:30:00.000,72796
2020-07-28T23:40:00.000,67937
2020-07-28T23:50:00.000,63730
2020-07-29T00:00:00.000,62581
2020-07-29T00:10:00.000,59850
2020-07-29T00:20:00.000,53932
2020-07-29T00:30:00.000,52520
2020-07-29T00:40:00.000,55847
2020-07-29T00:50:00.000,52352
2020-07-29T01:00:00.000,49031
2020-07-29T01:10:00.000,51585
2020-07-29T01:20:00.000,47839
2020-07-29T01:30:00.000,47547
2020-07-29T01:40:00.000,46634
2020-07-29T01:50:00.000,45423
2020-07-29T02:00:00.000,43706
2020-07-29T02:10:00.000,44470
2020-07-29T02:20:00.000,41560
2020-07-29T02:30:00.000,45203
2020-07-29T02:40:00.000,41352
2020-07-29T02:50:00.000,42902
2020-07-29T03:00:00.000,40399
2020-07-29T03:10:00.000,43398
2020-07-29T03:20:00.000,42400
2020-07-29T03:30:00.000,45732
2020-07-29T03:40:00.000,42862
2020-07-29T03:50:00.000,43988
2020-07-29T04:00:00.000,41647
2020-07-29T04:10:00.000,43527
2020-07-29T04:20:00.000,40431
2020-07-29T04:30:00.000,40488
2020-07-29T04:40:00.000,43858
2020-07-29T04:50:00.000,44567
2020-07-29T05:00:00.000,43974
2020-07-29T05:10:00.000,48055
2020-07-29T05:20:00.000,46605
2020-07-29T05:30:00.000,49046
2020-07-29T05:40:00.000,49515
2020-07-29T05:50:00.000,57690
2020-07-29T06:00:00.000,58266
2020-07-29T06:10:00.000,60504
2020-07-29T06:20:00.000,69638
2020-07-29T06:30:00.000,78500
2020-07-29T06:40:00.000,93866
2020-07-29T06:50:00.000,118034
2020-07-29T07:00:00.000,126296
2020-07-29T07:10:00.000,167938
2020-07-29T07:20:00.000,221044
2020-07-29T07:30:00.000,273378
2020-07-29T07:40:00.000,372568
2020-07-29T07:50:00.000,600161
2020-07-29T08:00:00.000,718533
2020-07-29T08:10:00.000,776400
2020-07-29T08:20:00.000,972279
2020-07-29T08:30:00.000,1128908
2020-07-29T08:40:00.000,1253590
2020-07-29T08:50:00.000,1507661
2020-07-29T09:00:00.000,1546447
2020-07-29T09:10:00.000,1428390
2020-07-29T09:20:00.000,1365952
2020-07-29T09:30:00.000,1338815
2020-07-29T09:40:00.000,1307272
2020-07-29T09:50:00.000,1272718
2020-07-29T10:00:00.000,1241833
2020-07-29T10:10:00.000,1197653
2020-07-29T10:20:00.000,1155643
2020-07-29T10:30:00.000,1150393
2020-07-29T10:40:00.000,1157584
2020-07-29T10:50:00.000,1136220
2020-07-29T11:00:00.000,1122845
2020-07-29T11:10:00.000,1141377
2020-07-29T11:20:00.000,1137313
2020-07-29T11:30:00.000,1091519
2020-07-29T11:40:00.000,1017693
2020-07-29T11:50:00.000,917165
2020-07-29T12:00:00.000,662086
2020-07-29T12:10:00.000,561642
2020-07-29T12:20:00.000,522469
2020-07-29T12:30:00.000,503427
2020-07-29T12:40:00.000,515315
2020-07-29T12:50:00.000,637346
2020-07-29T13:00:00.000,931080
2020-07-29T13:10:00.000,983570
2020-07-29T13:20:00.000,985094
2020-07-29T13:30:00.000,1117184
2020-07-29T13:40:00.000,1104500
2020-07-29T13:50:00.000,1059107
2020-07-29T14:00:00.000,1027842
2020-07-29T14:10:00.000,1023168
2020-07-29T14:20:00.000,1068728
2020-07-29T14:30:00.000,1034698
2020-07-29T14:40:00.000,1052581
2020-07-29T14:50:00.000,1071680
2020-07-29T15:00:00.000,1040251
2020-07-29T15:10:00.000,1062657
2020-07-29T15:20:00.000,1046149
2020-07-29T15:30:00.000,1069044
2020-07-29T15:40:00.000,1068039
2020-07-29T15:50:00.000,1065337
2020-07-29T16:00:00.000,1081525
2020-07-29T16:10:00.000,1077792
2020-07-29T16:20:00.000,1105963
2020-07-29T16:30:00.000,1172308
2020-07-29T16:40:00.000,1192328
2020-07-29T16:50:00.000,1189769
2020-07-29T17:00:00.000,1140142
2020-07-29T17:10:00.000,1104709
2020-07-29T17:20:00.000,1119690
2020-07-29T17:30:00.000,1053682
2020-07-29T17:40:00.000,1013428
2020-07-29T17:50:00.000,1021762
2020-07-29T18:00:00.000,835545
2020-07-29T18:10:00.000,538005
2020-07-29T18:20:00.000,457170
2020-07-29T18:30:00.000,399756
2020-07-29T18:40:00.000,316503
2020-07-29T18:50:00.000,282924
2020-07-29T19:00:00.000,249719
2020-07-29T19:10:00.000,233737
2020-07-29T19:20:00.000,208169
2020-07-29T19:30:00.000,184305
2020-07-29T19:40:00.000,175850
2020-07-29T19:50:00.000,163888
2020-07-29T20:00:00.000,156683
2020-07-29T20:10:00.000,136320
2020-07-29T20:20:00.000,134763
2020-07-29T20:30:00.000,127235
2020-07-29T20:40:00.000,114572
2020-07-29T20:50:00.000,112484
2020-07-29T21:00:00.000,113300
2020-07-29T21:10:00.000,106532
2020-07-29T21:20:00.000,99249
2020-07-29T21:30:00.000,96491
2020-07-29T21:40:00.000,88852
2020-07-29T21:50:00.000,87270
2020-07-29T22:00:00.000,84419
2020-07-29T22:10:00.000,79667
2020-07-29T22:20:00.000,74526
2020-07-29T22:30:00.000,77996
2020-07-29T22:40:00.000,70871
2020-07-29T22:50:00.000,74448
2020-07-29T23:00:00.000,76106
2020-07-29T23:10:00.000,65980
2020-07-29T23:20:00.000,63904
2020-07-29T23:30:00.000,63752
2020-07-29T23:40:00.000,55758
2020-07-29T23:50:00.000,61210
2020-07-30T00:00:00.000,57322
2020-07-30T00:10:00.000,56764
2020-07-30T00:20:00.000,54579
2020-07-30T00:30:00.000,51506
2020-07-30T00:40:00.000,50128
2020-07-30T00:50:00.000,54603
2020-07-30T01:00:00.000,51783
2020-07-30T01:10:00.000,50014
2020-07-30T01:20:00.000,48452
2020-07-30T01:30:00.000,50006
2020-07-30T01:40:00.000,48032
2020-07-30T01:50:00.000,46130
2020-07-30T02:00:00.000,45658
2020-07-30T02:10:00.000,46561
2020-07-30T02:20:00.000,45228
2020-07-30T02:30:00.000,45623
2020-07-30T02:40:00.000,47897
2020-07-30T02:50:00.000,47322
2020-07-30T03:00:00.000,42695
2020-07-30T03:10:00.000,40042
2020-07-30T03:20:00.000,41452
2020-07-30T03:30:00.000,42847
2020-07-30T03:40:00.000,45603
2020-07-30T03:50:00.000,47723
2020-07-30T04:00:00.000,42493
2020-07-30T04:10:00.000,46669
2020-07-30T04:20:00.000,48184
2020-07-30T04:30:00.000,46836
2020-07-30T04:40:00.000,43820
2020-07-30T04:50:00.000,44160
2020-07-30T05:00:00.000,47644
2020-07-30T05:10:00.000,46953
2020-07-30T05:20:00.000,48547
2020-07-30T05:30:00.000,48265
2020-07-30T05:40:00.000,48731
2020-07-30T05:50:00.000,53185
2020-07-30T06:00:00.000,57246
2020-07-30T06:10:00.000,59027
2020-07-30T06:20:00.000,70110
2020-07-30T06:30:00.000,79670
2020-07-30T06:40:00.000,94764
2020-07-30T06:50:00.000,106298
2020-07-30T07:00:00.000,129153
2020-07-30T07:10:00.000,161887
2020-07-30T07:20:00.000,215633
2020-07-30T07:30:00.000,312403
2020-07-30T07:40:00.000,406259
2020-07-30T07:50:00.000,598043
2020-07-30T08:00:00.000,689932
2020-07-30T08:10:00.000,762445
2020-07-30T08:20:00.000,943940
2020-07-30T08:30:00.000,1113077
2020-07-30T08:40:00.000,1244463
2020-07-30T08:50:00.000,1487365
2020-07-30T09:00:00.000,1514522
2020-07-30T09:10:00.000,1403031
2020-07-30T09:20:00.000,1335851
2020-07-30T09:30:00.000,1272368
2020-07-30T09:40:00.000,1228111
2020-07-30T09:50:00.000,1314202
2020-07-30T10:00:00.000,1238287
2020-07-30T10:10:00.000,1166605
2020-07-30T10:20:00.000,1150725
2020-07-30T10:30:00.000,1127400
2020-07-30T10:40:00.000,1124262
2020-07-30T10:50:00.000,1134080
2020-07-30T11:00:00.000,1121800
2020-07-30T11:10:00.000,1115609
2020-07-30T11:20:00.000,1128749
2020-07-30T11:30:00.000,1064041
2020-07-30T11:40:00.000,984243
2020-07-30T11:50:00.000,902679
2020-07-30T12:00:00.000,638851
2020-07-30T12:10:00.000,534988
2020-07-30T12:20:00.000,498858
2020-07-30T12:30:00.000,476927
2020-07-30T12:40:00.000,502825
2020-07-30T12:50:00.000,620765
2020-07-30T13:00:00.000,904027
2020-07-30T13:10:00.000,930124
2020-07-30T13:20:00.000,992736
2020-07-30T13:30:00.000,1078799
2020-07-30T13:40:00.000,1020681
2020-07-30T13:50:00.000,1050505
2020-07-30T14:00:00.000,1048026
2020-07-30T14:10:00.000,1006899
2020-07-30T14:20:00.000,1023552
2020-07-30T14:30:00.000,1029215
2020-07-30T14:40:00.000,1024420
2020-07-30T14:50:00.000,1035209
2020-07-30T15:00:00.000,995927
2020-07-30T15:10:00.000,1006138
2020-07-30T15:20:00.000,1046072
2020-07-30T15:30:00.000,1053314
2020-07-30T15:40:00.000,1040276
2020-07-30T15:50:00.000,1076095
2020-07-30T16:00:00.000,1071389
2020-07-30T16:10:00.000,1050838
2020-07-30T16:20:00.000,1067133
2020-07-30T16:30:00.000,1088382
2020-07-30T16:40:00.000,1148753
2020-07-30T16:50:00.000,1154425
2020-07-30T17:00:00.000,1145309
2020-07-30T17:10:00.000,1085388
2020-07-30T17:20:00.000,1136383
2020-07-30T17:30:00.000,1053490
2020-07-30T17:40:00.000,1011564
2020-07-30T17:50:00.000,1014566
2020-07-30T18:00:00.000,857478
2020-07-30T18:10:00.000,589833
2020-07-30T18:20:00.000,489828
2020-07-30T18:30:00.000,407238
2020-07-30T18:40:00.000,345163
2020-07-30T18:50:00.000,312775
2020-07-30T19:00:00.000,288015
2020-07-30T19:10:00.000,247718
2020-07-30T19:20:00.000,226231
2020-07-30T19:30:00.000,209314
2020-07-30T19:40:00.000,181710
2020-07-30T19:50:00.000,170873
2020-07-30T20:00:00.000,153908
2020-07-30T20:10:00.000,142186
2020-07-30T20:20:00.000,145081
2020-07-30T20:30:00.000,131340
2020-07-30T20:40:00.000,123354
2020-07-30T20:50:00.000,112523
2020-07-30T21:00:00.000,114143
2020-07-30T21:10:00.000,104802
2020-07-30T21:20:00.000,97828
2020-07-30T21:30:00.000,93270
2020-07-30T21:40:00.000,90858
2020-07-30T21:50:00.000,97624
2020-07-30T22:00:00.000,91672
2020-07-30T22:10:00.000,85667
2020-07-30T22:20:00.000,77024
2020-07-30T22:30:00.000,78535
2020-07-30T22:40:00.000,77572
2020-07-30T22:50:00.000,77133
2020-07-30T23:00:00.000,74357
2020-07-30T23:10:00.000,64453
2020-07-30T23:20:00.000,68109
2020-07-30T23:30:00.000,62042
2020-07-30T23:40:00.000,62200
2020-07-30T23:50:00.000,62621
2020-07-31T00:00:00.000,61854
2020-07-31T00:10:00.000,66943
2020-07-31T00:20:00.000,62209
2020-07-31T00:30:00.000,56403
2020-07-31T00:40:00.000,57284
2020-07-31T00:50:00.000,54199
2020-07-31T01:00:00.000,50696
2020-07-31T01:10:00.000,49046
2020-07-31T01:20:00.000,51284
2020-07-31T01:30:00.000,49323
2020-07-31T01:40:00.000,45230
2020-07-31T01:50:00.000,43978
2020-07-31T02:00:00.000,47172
2020-07-31T02:10:00.000,47305
2020-07-31T02:20:00.000,43780
2020-07-31T02:30:00.000,42731
2020-07-31T02:40:00.000,43122
2020-07-31T02:50:00.000,43789
2020-07-31T03:00:00.000,46108
2020-07-31T03:10:00.000,44362
2020-07-31T03:20:00.000,43383
2020-07-31T03:30:00.000,43248
2020-07-31T03:40:00.000,44598
2020-07-31T03:50:00.000,45388
2020-07-31T04:00:00.000,42518
2020-07-31T04:10:00.000,43084
2020-07-31T04:20:00.000,40615
2020-07-31T04:30:00.000,43914
2020-07-31T04:40:00.000,43217
2020-07-31T04:50:00.000,42774
2020-07-31T05:00:00.000,43346
2020-07-31T05:10:00.000,46022
2020-07-31T05:20:00.000,48577
2020-07-31T05:30:00.000,47678
2020-07-31T05:40:00.000,49135
2020-07-31T05:50:00.000,56018
2020-07-31T06:00:00.000,59444
2020-07-31T06:10:00.000,59089
2020-07-31T06:20:00.000,69178
2020-07-31T06:30:00.000,83749
2020-07-31T06:40:00.000,90585
2020-07-31T06:50:00.000,122534
2020-07-31T07:00:00.000,124486
2020-07-31T07:10:00.000,168370
2020-07-31T07:20:00.000,229074
2020-07-31T07:30:00.000,287650
2020-07-31T07:40:00.000,426790
2020-07-31T07:50:00.000,593951
2020-07-31T08:00:00.000,691792
2020-07-31T08:10:00.000,754414
2020-07-31T08:20:00.000,938607
2020-07-31T08:30:00.000,1095530
2020-07-31T08:40:00.000,1198444
2020-07-31T08:50:00.000,1409208
2020-07-31T09:00:00.000,1436843
2020-07-31T09:10:00.000,1287210
2020-07-31T09:20:00.000,1306987
2020-07-31T09:30:00.000,1258363
2020-07-31T09:40:00.000,1214585
2020-07-31T09:50:00.000,1267911
2020-07-31T10:00:00.000,1202490
2020-07-31T10:10:00.000,1188883
2020-07-31T10:20:00.000,1192068
2020-07-31T10:30:00.000,1154555
2020-07-31T10:40:00.000,1157364
2020-07-31T10:50:00.000,1136039
2020-07-31T11:00:00.000,1134879
2020-07-31T11:10:00.000,1112908
2020-07-31T11:20:00.000,1143238
2020-07-31T11:30:00.000,1097484
2020-07-31T11:40:00.000,1006317
2020-07-31T11:50:00.000,901974
2020-07-31T12:00:00.000,670013
2020-07-31T12:10:00.000,573853
2020-07-31T12:20:00.000,543117
2020-07-31T12:30:00.000,498699
2020-07-31T12:40:00.000,489257
2020-07-31T12:50:00.000,585359
2020-07-31T13:00:00.000,918806
2020-07-31T13:10:00.000,935594
2020-07-31T13:20:00.000,951223
2020-07-31T13:30:00.000,1056462
2020-07-31T13:40:00.000,1065892
2020-07-31T13:50:00.000,1064660
2020-07-31T14:00:00.000,1053474
2020-07-31T14:10:00.000,1027082
2020-07-31T14:20:00.000,1030698
2020-07-31T14:30:00.000,1001055
2020-07-31T14:40:00.000,1020554
2020-07-31T14:50:00.000,1052528
2020-07-31T15:00:00.000,1035234
2020-07-31T15:10:00.000,1033167
2020-07-31T15:20:00.000,1040573
2020-07-31T15:30:00.000,1056657
2020-07-31T15:40:00.000,1085098
2020-07-31T15:50:00.000,1087972
2020-07-31T16:00:00.000,1072764
2020-07-31T16:10:00.000,1086992
2020-07-31T16:20:00.000,1122970
2020-07-31T16:30:00.000,1091717
2020-07-31T16:40:00.000,1117435
2020-07-31T16:50:00.000,1163845
2020-07-31T17:00:00.000,1086047
2020-07-31T17:10:00.000,1086504
2020-07-31T17:20:00.000,1063843
2020-07-31T17:30:00.000,971850
2020-07-31T17:40:00.000,908908
2020-07-31T17:50:00.000,925437
2020-07-31T18:00:00.000,773243
2020-07-31T18:10:00.000,518316
2020-07-31T18:20:00.000,422675
2020-07-31T18:30:00.000,348682
2020-07-31T18:40:00.000,286733
2020-07-31T18:50:00.000,262648
2020-07-31T19:00:00.000,230553
2020-07-31T19:10:00.000,194203
2020-07-31T19:20:00.000,169699
2020-07-31T19:30:00.000,164222
2020-07-31T19:40:00.000,152664
2020-07-31T19:50:00.000,162085
2020-07-31T20:00:00.000,139567
2020-07-31T20:10:00.000,124268
2020-07-31T20:20:00.000,117640
2020-07-31T20:30:00.000,117357
2020-07-31T20:40:00.000,114935
2020-07-31T20:50:00.000,102459
2020-07-31T21:00:00.000,95866
2020-07-31T21:10:00.000,89481
2020-07-31T21:20:00.000,84566
2020-07-31T21:30:00.000,82963
2020-07-31T21:40:00.000,77985
2020-07-31T21:50:00.000,78146
2020-07-31T22:00:00.000,71223
2020-07-31T22:10:00.000,63199
2020-07-31T22:20:00.000,63473
2020-07-31T22:30:00.000,69639
2020-07-31T22:40:00.000,63752
2020-07-31T22:50:00.000,60600
2020-07-31T23:00:00.000,71405
2020-07-31T23:10:00.000,63942
2020-07-31T23:20:00.000,61937
2020-07-31T23:30:00.000,53565
2020-07-31T23:40:00.000,56700
2020-07-31T23:50:00.000,54292
2020-08-01T00:00:00.000,53213
2020-08-01T00:10:00.000,51126
2020-08-01T00:20:00.000,51262
2020-08-01T00:30:00.000,42830
2020-08-01T00:40:00.000,46755
2020-08-01T00:50:00.000,45488
2020-08-01T01:00:00.000,43077
2020-08-01T01:10:00.000,44341
2020-08-01T01:20:00.000,39571
2020-08-01T01:30:00.000,38496
2020-08-01T01:40:00.000,36633
2020-08-01T01:50:00.000,40517
2020-08-01T02:00:00.000,39267
2020-08-01T02:10:00.000,37251
2020-08-01T02:20:00.000,40079
2020-08-01T02:30:00.000,38361
2020-08-01T02:40:00.000,39808
2020-08-01T02:50:00.000,36670
2020-08-01T03:00:00.000,33633
2020-08-01T03:10:00.000,35244
2020-08-01T03:20:00.000,34253
2020-08-01T03:30:00.000,34039
2020-08-01T03:40:00.000,34053
2020-08-01T03:50:00.000,36426
2020-08-01T04:00:00.000,33727
2020-08-01T04:10:00.000,34123
2020-08-01T04:20:00.000,36040
2020-08-01T04:30:00.000,35289
2020-08-01T04:40:00.000,33795
2020-08-01T04:50:00.000,32201
2020-08-01T05:00:00.000,34404
2020-08-01T05:10:00.000,34847
2020-08-01T05:20:00.000,35870
2020-08-01T05:30:00.000,37640
2020-08-01T05:40:00.000,39181
2020-08-01T05:50:00.000,37859
2020-08-01T06:00:00.000,39056
2020-08-01T06:10:00.000,41633
2020-08-01T06:20:00.000,41438
2020-08-01T06:30:00.000,49778
2020-08-01T06:40:00.000,50516
2020-08-01T06:50:00.000,49726
2020-08-01T07:00:00.000,54358
2020-08-01T07:10:00.000,53790
2020-08-01T07:20:00.000,50088
2020-08-01T07:30:00.000,59448
2020-08-01T07:40:00.000,60735
2020-08-01T07:50:00.000,77698
2020-08-01T08:00:00.000,89103
2020-08-01T08:10:00.000,99379
2020-08-01T08:20:00.000,103358
2020-08-01T08:30:00.000,97999
2020-08-01T08:40:00.000,106951
2020-08-01T08:50:00.000,132267
2020-08-01T09:00:00.000,135286
2020-08-01T09:10:00.000,126291
2020-08-01T09:20:00.000,128892
2020-08-01T09:30:00.000,123272
2020-08-01T09:40:00.000,135581
2020-08-01T09:50:00.000,140698
2020-08-01T10:00:00.000,125619
2020-08-01T10:10:00.000,125485
2020-08-01T10:20:00.000,120888
2020-08-01T10:30:00.000,122078
2020-08-01T10:40:00.000,126117
2020-08-01T10:50:00.000,124268
2020-08-01T11:00:00.000,112701
2020-08-01T11:10:00.000,109116
2020-08-01T11:20:00.000,119814
2020-08-01T11:30:00.000,119144
2020-08-01T11:40:00.000,106234
2020-08-01T11:50:00.000,107805
2020-08-01T12:00:00.000,101253
2020-08-01T12:10:00.000,98458
2020-08-01T12:20:00.000,102547
2020-08-01T12:30:00.000,93605
2020-08-01T12:40:00.000,92576
2020-08-01T12:50:00.000,93412
2020-08-01T13:00:00.000,98217
2020-08-01T13:10:00.000,91642
2020-08-01T13:20:00.000,94024
2020-08-01T13:30:00.000,99326
2020-08-01T13:40:00.000,100875
2020-08-01T13:50:00.000,98013
2020-08-01T14:00:00.000,106943
2020-08-01T14:10:00.000,110616
2020-08-01T14:20:00.000,104064
2020-08-01T14:30:00.000,94788
2020-08-01T14:40:00.000,96048
2020-08-01T14:50:00.000,93923
2020-08-01T15:00:00.000,106107
2020-08-01T15:10:00.000,109113
2020-08-01T15:20:00.000,101917
2020-08-01T15:30:00.000,94973
2020-08-01T15:40:00.000,98658
2020-08-01T15:50:00.000,95707
2020-08-01T16:00:00.000,97285
2020-08-01T16:10:00.000,91665
2020-08-01T16:20:00.000,99796
2020-08-01T16:30:00.000,97324
2020-08-01T16:40:00.000,91935
2020-08-01T16:50:00.000,91768
2020-08-01T17:00:00.000,89769
2020-08-01T17:10:00.000,85917
2020-08-01T17:20:00.000,92011
2020-08-01T17:30:00.000,88717
2020-08-01T17:40:00.000,79933
2020-08-01T17:50:00.000,82672
2020-08-01T18:00:00.000,74915
2020-08-01T18:10:00.000,64307
2020-08-01T18:20:00.000,69734
2020-08-01T18:30:00.000,71103
2020-08-01T18:40:00.000,60471
2020-08-01T18:50:00.000,66000
2020-08-01T19:00:00.000,57512
2020-08-01T19:10:00.000,57680
2020-08-01T19:20:00.000,52355
2020-08-01T19:30:00.000,48969
2020-08-01T19:40:00.000,51285
2020-08-01T19:50:00.000,54137
2020-08-01T20:00:00.000,50892
2020-08-01T20:10:00.000,53973
2020-08-01T20:20:00.000,52139
2020-08-01T20:30:00.000,52376
2020-08-01T20:40:00.000,46312
2020-08-01T20:50:00.000,51472
2020-08-01T21:00:00.000,43376
2020-08-01T21:10:00.000,46553
2020-08-01T21:20:00.000,49052
2020-08-01T21:30:00.000,42652
2020-08-01T21:40:00.000,50131
2020-08-01T21:50:00.000,49417
2020-08-01T22:00:00.000,45416
2020-08-01T22:10:00.000,46003
2020-08-01T22:20:00.000,44392
2020-08-01T22:30:00.000,46970
2020-08-01T22:40:00.000,45054
2020-08-01T22:50:00.000,38629
2020-08-01T23:00:00.000,39608
2020-08-01T23:10:00.000,39868
2020-08-01T23:20:00.000,37804
2020-08-01T23:30:00.000,35212
2020-08-01T23:40:00.000,35765
2020-08-01T23:50:00.000,34902
2020-08-02T00:00:00.000,38762
2020-08-02T00:10:00.000,35720
2020-08-02T00:20:00.000,37167
2020-08-02T00:30:00.000,36503
2020-08-02T00:40:00.000,34300
2020-08-02T00:50:00.000,32056
2020-08-02T01:00:00.000,32827
2020-08-02T01:10:00.000,30580
2020-08-02T01:20:00.000,34555
2020-08-02T01:30:00.000,30891
2020-08-02T01:40:00.000,33643
2020-08-02T01:50:00.000,29643
2020-08-02T02:00:00.000,29622
2020-08-02T02:10:00.000,29985
2020-08-02T02:20:00.000,28695
2020-08-02T02:30:00.000,28926
2020-08-02T02:40:00.000,29828
2020-08-02T02:50:00.000,29951
2020-08-02T03:00:00.000,28192
2020-08-02T03:10:00.000,28251
2020-08-02T03:20:00.000,29917
2020-08-02T03:30:00.000,29373
2020-08-02T03:40:00.000,27823
2020-08-02T03:50:00.000,30151
2020-08-02T04:00:00.000,28516
2020-08-02T04:10:00.000,28162
2020-08-02T04:20:00.000,26657
2020-08-02T04:30:00.000,27922
2020-08-02T04:40:00.000,29580
2020-08-02T04:50:00.000,28678
2020-08-02T05:00:00.000,31397
2020-08-02T05:10:00.000,29343
2020-08-02T05:20:00.000,29037
2020-08-02T05:30:00.000,31257
2020-08-02T05:40:00.000,31028
2020-08-02T05:50:00.000,32562
2020-08-02T06:00:00.000,32832
2020-08-02T06:10:00.000,30612
2020-08-02T06:20:00.000,33605
2020-08-02T06:30:00.000,35181
2020-08-02T06:40:00.000,33495
2020-08-02T06:50:00.000,40790
2020-08-02T07:00:00.000,37797
2020-08-02T07:10:00.000,39501
2020-08-02T07:20:00.000,42422
2020-08-02T07:30:00.000,38363
2020-08-02T07:40:00.000,41905
2020-08-02T07:50:00.000,45825
2020-08-02T08:00:00.000,49670
2020-08-02T08:10:00.000,50134
2020-08-02T08:20:00.000,55232
2020-08-02T08:30:00.000,49725
2020-08-02T08:40:00.000,58930
2020-08-02T08:50:00.000,64214
2020-08-02T09:00:00.000,64502
2020-08-02T09:10:00.000,67980
2020-08-02T09:20:00.000,65687
2020-08-02T09:30:00.000,64951
2020-08-02T09:40:00.000,58708
2020-08-02T09:50:00.000,63913
2020-08-02T10:00:00.000,57236
2020-08-02T10:10:00.000,61631
2020-08-02T10:20:00.000,63283
2020-08-02T10:30:00.000,66895
2020-08-02T10:40:00.000,63720
2020-08-02T10:50:00.000,62384
2020-08-02T11:00:00.000,70473
2020-08-02T11:10:00.000,70118
2020-08-02T11:20:00.000,65650
2020-08-02T11:30:00.000,73311
2020-08-02T11:40:00.000,67854
2020-08-02T11:50:00.000,64634
2020-08-02T12:00:00.000,67044
2020-08-02T12:10:00.000,64617
2020-08-02T12:20:00.000,67503
2020-08-02T12:30:00.000,73410
2020-08-02T12:40:00.000,68493
2020-08-02T12:50:00.000,66900
2020-08-02T13:00:00.000,66899
2020-08-02T13:10:00.000,75382
2020-08-02T13:20:00.000,71882
2020-08-02T13:30:00.000,69560
2020-08-02T13:40:00.000,74567
2020-08-02T13:50:00.000,76961
2020-08-02T14:00:00.000,75035
2020-08-02T14:10:00.000,79565
2020-08-02T14:20:00.000,69344
2020-08-02T14:30:00.000,69634
2020-08-02T14:40:00.000,71769
2020-08-02T14:50:00.000,75256
2020-08-02T15:00:00.000,81040
2020-08-02T15:10:00.000,72596
2020-08-02T15:20:00.000,71254
2020-08-02T15:30:00.000,72022
2020-08-02T15:40:00.000,72229
2020-08-02T15:50:00.000,75559
2020-08-02T16:00:00.000,74060
2020-08-02T16:10:00.000,73340
2020-08-02T16:20:00.000,76981
2020-08-02T16:30:00.000,73197
2020-08-02T16:40:00.000,79457
2020-08-02T16:50:00.000,70247
2020-08-02T17:00:00.000,74896
2020-08-02T17:10:00.000,71738
2020-08-02T17:20:00.000,65925
2020-08-02T17:30:00.000,68792
2020-08-02T17:40:00.000,70067
2020-08-02T17:50:00.000,73810
2020-08-02T18:00:00.000,75903
2020-08-02T18:10:00.000,60982
2020-08-02T18:20:00.000,60344
2020-08-02T18:30:00.000,62761
2020-08-02T18:40:00.000,60547
2020-08-02T18:50:00.000,54692
2020-08-02T19:00:00.000,56405
2020-08-02T19:10:00.000,58444
2020-08-02T19:20:00.000,55113
2020-08-02T19:30:00.000,57029
2020-08-02T19:40:00.000,53230
2020-08-02T19:50:00.000,60125
2020-08-02T20:00:00.000,59838
2020-08-02T20:10:00.000,54935
2020-08-02T20:20:00.000,55326
2020-08-02T20:30:00.000,57376
2020-08-02T20:40:00.000,52650
2020-08-02T20:50:00.000,59368
2020-08-02T21:00:00.000,53162
2020-08-02T21:10:00.000,59588
2020-08-02T21:20:00.000,59722
2020-08-02T21:30:00.000,59169
2020-08-02T21:40:00.000,66268
2020-08-02T21:50:00.000,69745
2020-08-02T22:00:00.000,53434
2020-08-02T22:10:00.000,54437
2020-08-02T22:20:00.000,46828
2020-08-02T22:30:00.000,52677
2020-08-02T22:40:00.000,51115
2020-08-02T22:50:00.000,50702
2020-08-02T23:00:00.000,54988
2020-08-02T23:10:00.000,48356
2020-08-02T23:20:00.000,44994
2020-08-02T23:30:00.000,47560
2020-08-02T23:40:00.000,42838
2020-08-02T23:50:00.000,44412
2020-08-03T00:00:00.000,41391
2020-08-03T00:10:00.000,38931
2020-08-03T00:20:00.000,36740
2020-08-03T00:30:00.000,35481
2020-08-03T00:40:00.000,36770
2020-08-03T00:50:00.000,34715
2020-08-03T01:00:00.000,33312
2020-08-03T01:10:00.000,33950
2020-08-03T01:20:00.000,32114
2020-08-03T01:30:00.000,33301
2020-08-03T01:40:00.000,33937
2020-08-03T01:50:00.000,31751
2020-08-03T02:00:00.000,31501
2020-08-03T02:10:00.000,28865
2020-08-03T02:20:00.000,31840
2020-08-03T02:30:00.000,30068
2020-08-03T02:40:00.000,28253
2020-08-03T02:50:00.000,29163
2020-08-03T03:00:00.000,27934
2020-08-03T03:10:00.000,29800
2020-08-03T03:20:00.000,27994
2020-08-03T03:30:00.000,26756
2020-08-03T03:40:00.000,28847
2020-08-03T03:50:00.000,26764
2020-08-03T04:00:00.000,26687
2020-08-03T04:10:00.000,28241
2020-08-03T04:20:00.000,32437
2020-08-03T04:30:00.000,27220
2020-08-03T04:40:00.000,27580
2020-08-03T04:50:00.000,26371
2020-08-03T05:00:00.000,26943
2020-08-03T05:10:00.000,28931
2020-08-03T05:20:00.000,31233
2020-08-03T05:30:00.000,30256
2020-08-03T05:40:00.000,35548
2020-08-03T05:50:00.000,38229
2020-08-03T06:00:00.000,37830
2020-08-03T06:10:00.000,45991
2020-08-03T06:20:00.000,47243
2020-08-03T06:30:00.000,57285
2020-08-03T06:40:00.000,68087
2020-08-03T06:50:00.000,93666
2020-08-03T07:00:00.000,103839
2020-08-03T07:10:00.000,145142
2020-08-03T07:20:00.000,196124
2020-08-03T07:30:00.000,269280
2020-08-03T07:40:00.000,343625
2020-08-03T07:50:00.000,484828
2020-08-03T08:00:00.000,585728
2020-08-03T08:10:00.000,735968
2020-08-03T08:20:00.000,870663
2020-08-03T08:30:00.000,1019540
2020-08-03T08:40:00.000,1154410
2020-08-03T08:50:00.000,1405206
2020-08-03T09:00:00.000,1412441
2020-08-03T09:10:00.000,1295221
2020-08-03T09:20:00.000,1246999
2020-08-03T09:30:00.000,1231870
2020-08-03T09:40:00.000,1239289
2020-08-03T09:50:00.000,1221515
2020-08-03T10:00:00.000,1206096
2020-08-03T10:10:00.000,1218557
2020-08-03T10:20:00.000,1169002
2020-08-03T10:30:00.000,1155924
2020-08-03T10:40:00.000,1156936
2020-08-03T10:50:00.000,1132322
2020-08-03T11:00:00.000,1140890
2020-08-03T11:10:00.000,1122025
2020-08-03T11:20:00.000,1116059
2020-08-03T11:30:00.000,1027819
2020-08-03T11:40:00.000,933377
2020-08-03T11:50:00.000,892015
2020-08-03T12:00:00.000,622052
2020-08-03T12:10:00.000,540752
2020-08-03T12:20:00.000,530218
2020-08-03T12:30:00.000,482125
2020-08-03T12:40:00.000,501766
2020-08-03T12:50:00.000,618464
2020-08-03T13:00:00.000,903462
2020-08-03T13:10:00.000,960192
2020-08-03T13:20:00.000,944524
2020-08-03T13:30:00.000,1043443
2020-08-03T13:40:00.000,1009781
2020-08-03T13:50:00.000,1005952
2020-08-03T14:00:00.000,990755
2020-08-03T14:10:00.000,985904
2020-08-03T14:20:00.000,981282
2020-08-03T14:30:00.000,1003328
2020-08-03T14:40:00.000,983365
2020-08-03T14:50:00.000,1022594
2020-08-03T15:00:00.000,978804
2020-08-03T15:10:00.000,984852
2020-08-03T15:20:00.000,975040
2020-08-03T15:30:00.000,1010356
2020-08-03T15:40:00.000,1014527
2020-08-03T15:50:00.000,1031455
2020-08-03T16:00:00.000,1018345
2020-08-03T16:10:00.000,976515
2020-08-03T16:20:00.000,1032131
2020-08-03T16:30:00.000,1024202
2020-08-03T16:40:00.000,1061432
2020-08-03T16:50:00.000,1034463
2020-08-03T17:00:00.000,1016169
2020-08-03T17:10:00.000,993084
2020-08-03T17:20:00.000,1056635
2020-08-03T17:30:00.000,991468
2020-08-03T17:40:00.000,976856
2020-08-03T17:50:00.000,1012928
2020-08-03T18:00:00.000,871881
2020-08-03T18:10:00.000,557481
2020-08-03T18:20:00.000,473491
2020-08-03T18:30:00.000,384750
2020-08-03T18:40:00.000,313007
2020-08-03T18:50:00.000,289595
2020-08-03T19:00:00.000,255557
2020-08-03T19:10:00.000,203853
2020-08-03T19:20:00.000,191203
2020-08-03T19:30:00.000,169054
2020-08-03T19:40:00.000,165602
2020-08-03T19:50:00.000,160722
2020-08-03T20:00:00.000,142192
2020-08-03T20:10:00.000,125030
2020-08-03T20:20:00.000,123281
2020-08-03T20:30:00.000,123341
2020-08-03T20:40:00.000,120711
2020-08-03T20:50:00.000,117249
2020-08-03T21:00:00.000,106576
2020-08-03T21:10:00.000,103596
2020-08-03T21:20:00.000,86714
2020-08-03T21:30:00.000,82950
2020-08-03T21:40:00.000,93809
2020-08-03T21:50:00.000,91328
2020-08-03T22:00:00.000,83203
2020-08-03T22:10:00.000,85336
2020-08-03T22:20:00.000,78067
2020-08-03T22:30:00.000,76403
2020-08-03T22:40:00.000,71486
2020-08-03T22:50:00.000,77917
2020-08-03T23:00:00.000,71758
2020-08-03T23:10:00.000,67121
2020-08-03T23:20:00.000,58652
2020-08-03T23:30:00.000,57084
2020-08-03T23:40:00.000,58180
2020-08-03T23:50:00.000,50208
2020-08-04T00:00:00.000,58976
2020-08-04T00:10:00.000,51305
2020-08-04T00:20:00.000,54652
2020-08-04T00:30:00.000,51499
2020-08-04T00:40:00.000,45617
2020-08-04T00:50:00.000,46425
2020-08-04T01:00:00.000,47841
2020-08-04T01:10:00.000,46544
2020-08-04T01:20:00.000,47561
2020-08-04T01:30:00.000,45471
2020-08-04T01:40:00.000,42143
2020-08-04T01:50:00.000,42426
2020-08-04T02:00:00.000,40010
2020-08-04T02:10:00.000,40755
2020-08-04T02:20:00.000,39856
2020-08-04T02:30:00.000,41128
2020-08-04T02:40:00.000,39511
2020-08-04T02:50:00.000,38140
2020-08-04T03:00:00.000,40330
2020-08-04T03:10:00.000,36521
2020-08-04T03:20:00.000,38817
2020-08-04T03:30:00.000,39199
2020-08-04T03:40:00.000,40136
2020-08-04T03:50:00.000,40634
2020-08-04T04:00:00.000,38989
2020-08-04T04:10:00.000,39606
2020-08-04T04:20:00.000,37415
2020-08-04T04:30:00.000,39142
2020-08-04T04:40:00.000,35782
2020-08-04T04:50:00.000,38462
2020-08-04T05:00:00.000,38228
2020-08-04T05:10:00.000,38371
2020-08-04T05:20:00.000,41880
2020-08-04T05:30:00.000,39996
2020-08-04T05:40:00.000,43480
2020-08-04T05:50:00.000,48232
2020-08-04T06:00:00.000,50200
2020-08-04T06:10:00.000,52652
2020-08-04T06:20:00.000,55716
2020-08-04T06:30:00.000,66049
2020-08-04T06:40:00.000,77672
2020-08-04T06:50:00.000,96459
2020-08-04T07:00:00.000,118019
2020-08-04T07:10:00.000,126567
2020-08-04T07:20:00.000,163810
2020-08-04T07:30:00.000,221058
2020-08-04T07:40:00.000,306129
2020-08-04T07:50:00.000,421228
2020-08-04T08:00:00.000,551072
2020-08-04T08:10:00.000,640594
2020-08-04T08:20:00.000,837015
2020-08-04T08:30:00.000,975879
2020-08-04T08:40:00.000,1113992
2020-08-04T08:50:00.000,1340213
2020-08-04T09:00:00.000,1357731
2020-08-04T09:10:00.000,1274560
2020-08-04T09:20:00.000,1238801
2020-08-04T09:30:00.000,1157150
2020-08-04T09:40:00.000,1173720
2020-08-04T09:50:00.000,1171268
2020-08-04T10:00:00.000,1129219
2020-08-04T10:10:00.000,1075856
2020-08-04T10:20:00.000,1064958
2020-08-04T10:30:00.000,1050092
2020-08-04T10:40:00.000,1106039
2020-08-04T10:50:00.000,1055335
2020-08-04T11:00:00.000,1045008
2020-08-04T11:10:00.000,1027855
2020-08-04T11:20:00.000,1011505
2020-08-04T11:30:00.000,969980
2020-08-04T11:40:00.000,895811
2020-08-04T11:50:00.000,789023
2020-08-04T12:00:00.000,590244
2020-08-04T12:10:00.000,504012
2020-08-04T12:20:00.000,488235
2020-08-04T12:30:00.000,443076
2020-08-04T12:40:00.000,453186
2020-08-04T12:50:00.000,565202
2020-08-04T13:00:00.000,825331
2020-08-04T13:10:00.000,864792
2020-08-04T13:20:00.000,909714
2020-08-04T13:30:00.000,939070
2020-08-04T13:40:00.000,970927
2020-08-04T13:50:00.000,960253
2020-08-04T14:00:00.000,949084
2020-08-04T14:10:00.000,920150
2020-08-04T14:20:00.000,914421
2020-08-04T14:30:00.000,917888
2020-08-04T14:40:00.000,904526
2020-08-04T14:50:00.000,942190
2020-08-04T15:00:00.000,937057
2020-08-04T15:10:00.000,961491
2020-08-04T15:20:00.000,960398
2020-08-04T15:30:00.000,941744
2020-08-04T15:40:00.000,973343
2020-08-04T15:50:00.000,963697
2020-08-04T16:00:00.000,952181
2020-08-04T16:10:00.000,996368
2020-08-04T16:20:00.000,977741
2020-08-04T16:30:00.000,1021297
2020-08-04T16:40:00.000,1029629
2020-08-04T16:50:00.000,1072666
2020-08-04T17:00:00.000,1026335
2020-08-04T17:10:00.000,992895
2020-08-04T17:20:00.000,1032197
2020-08-04T17:30:00.000,979845
2020-08-04T17:40:00.000,946045
2020-08-04T17:50:00.000,1022285
2020-08-04T18:00:00.000,827034
2020-08-04T18:10:00.000,590247
2020-08-04T18:20:00.000,473822
2020-08-04T18:30:00.000,382191
2020-08-04T18:40:00.000,334459
2020-08-04T18:50:00.000,276767
2020-08-04T19:00:00.000,244195
2020-08-04T19:10:00.000,217720
2020-08-04T19:20:00.000,200974
2020-08-04T19:30:00.000,176572
2020-08-04T19:40:00.000,159974
2020-08-04T19:50:00.000,162754
2020-08-04T20:00:00.000,149541
2020-08-04T20:10:00.000,142366
2020-08-04T20:20:00.000,126101
2020-08-04T20:30:00.000,116213
2020-08-04T20:40:00.000,113272
2020-08-04T20:50:00.000,111018
2020-08-04T21:00:00.000,100397
2020-08-04T21:10:00.000,98604
2020-08-04T21:20:00.000,87367
2020-08-04T21:30:00.000,87354
2020-08-04T21:40:00.000,87308
2020-08-04T21:50:00.000,98049
2020-08-04T22:00:00.000,82334
2020-08-04T22:10:00.000,71798
2020-08-04T22:20:00.000,76787
2020-08-04T22:30:00.000,74561
2020-08-04T22:40:00.000,66880
2020-08-04T22:50:00.000,73159
2020-08-04T23:00:00.000,68606
2020-08-04T23:10:00.000,67282
2020-08-04T23:20:00.000,68075
2020-08-04T23:30:00.000,65273
2020-08-04T23:40:00.000,63621
2020-08-04T23:50:00.000,60081
2020-08-05T00:00:00.000,58704
2020-08-05T00:10:00.000,56741
2020-08-05T00:20:00.000,58305
2020-08-05T00:30:00.000,57114
2020-08-05T00:40:00.000,48519
2020-08-05T00:50:00.000,49972
2020-08-05T01:00:00.000,46862
2020-08-05T01:10:00.000,44424
2020-08-05T01:20:00.000,43962
2020-08-05T01:30:00.000,46423
2020-08-05T01:40:00.000,42834
2020-08-05T01:50:00.000,43931
2020-08-05T02:00:00.000,43792
2020-08-05T02:10:00.000,44313
2020-08-05T02:20:00.000,43733
2020-08-05T02:30:00.000,39174
2020-08-05T02:40:00.000,38908
2020-08-05T02:50:00.000,37464
2020-08-05T03:00:00.000,36797
2020-08-05T03:10:00.000,38992
2020-08-05T03:20:00.000,38937
2020-08-05T03:30:00.000,36275
2020-08-05T03:40:00.000,37820
2020-08-05T03:50:00.000,37803
2020-08-05T04:00:00.000,37639
2020-08-05T04:10:00.000,38910
2020-08-05T04:20:00.000,38598
2020-08-05T04:30:00.000,39602
2020-08-05T04:40:00.000,39307
2020-08-05T04:50:00.000,39040
2020-08-05T05:00:00.000,37331
2020-08-05T05:10:00.000,40410
2020-08-05T05:20:00.000,43514
2020-08-05T05:30:00.000,42706
2020-08-05T05:40:00.000,41344
2020-08-05T05:50:00.000,52009
2020-08-05T06:00:00.000,48539
2020-08-05T06:10:00.000,54386
2020-08-05T06:20:00.000,61229
2020-08-05T06:30:00.000,68119
2020-08-05T06:40:00.000,76254
2020-08-05T06:50:00.000,92455
2020-08-05T07:00:00.000,105257
2020-08-05T07:10:00.000,127207
2020-08-05T07:20:00.000,151580
2020-08-05T07:30:00.000,205037
2020-08-05T07:40:00.000,275782
2020-08-05T07:50:00.000,394056
2020-08-05T08:00:00.000,523418
2020-08-05T08:10:00.000,580636
2020-08-05T08:20:00.000,786942
2020-08-05T08:30:00.000,914226
2020-08-05T08:40:00.000,1051847
2020-08-05T08:50:00.000,1307281
2020-08-05T09:00:00.000,1328479
2020-08-05T09:10:00.000,1250592
2020-08-05T09:20:00.000,1198736
2020-08-05T09:30:00.000,1168415
2020-08-05T09:40:00.000,1160637
2020-08-05T09:50:00.000,1102415
2020-08-05T10:00:00.000,1085630
2020-08-05T10:10:00.000,1061565
2020-08-05T10:20:00.000,1034270
2020-08-05T10:30:00.000,1017879
2020-08-05T10:40:00.000,1007025
2020-08-05T10:50:00.000,1008948
2020-08-05T11:00:00.000,1027714
2020-08-05T11:10:00.000,1004730
2020-08-05T11:20:00.000,989081
2020-08-05T11:30:00.000,938789
2020-08-05T11:40:00.000,860445
2020-08-05T11:50:00.000,741828
2020-08-05T12:00:00.000,538132
2020-08-05T12:10:00.000,480625
2020-08-05T12:20:00.000,480964
2020-08-05T12:30:00.000,416763
2020-08-05T12:40:00.000,430746
2020-08-05T12:50:00.000,537754
2020-08-05T13:00:00.000,800509
2020-08-05T13:10:00.000,846310
2020-08-05T13:20:00.000,872185
2020-08-05T13:30:00.000,937015
2020-08-05T13:40:00.000,954493
2020-08-05T13:50:00.000,974212
2020-08-05T14:00:00.000,942230
2020-08-05T14:10:00.000,906189
2020-08-05T14:20:00.000,877597
2020-08-05T14:30:00.000,911818
2020-08-05T14:40:00.000,900053
2020-08-05T14:50:00.000,922279
2020-08-05T15:00:00.000,895789
2020-08-05T15:10:00.000,864384
2020-08-05T15:20:00.000,902098
2020-08-05T15:30:00.000,869189
2020-08-05T15:40:00.000,927739
2020-08-05T15:50:00.000,964413
2020-08-05T16:00:00.000,929876
2020-08-05T16:10:00.000,940535
2020-08-05T16:20:00.000,924032
2020-08-05T16:30:00.000,941564
2020-08-05T16:40:00.000,979631
2020-08-05T16:50:00.000,1007990
2020-08-05T17:00:00.000,974395
2020-08-05T17:10:00.000,970322
2020-08-05T17:20:00.000,981330
2020-08-05T17:30:00.000,930378
2020-08-05T17:40:00.000,906072
2020-08-05T17:50:00.000,969628
2020-08-05T18:00:00.000,774725
2020-08-05T18:10:00.000,550263
2020-08-05T18:20:00.000,436929
2020-08-05T18:30:00.000,378759
2020-08-05T18:40:00.000,327672
2020-08-05T18:50:00.000,299529
2020-08-05T19:00:00.000,229472
2020-08-05T19:10:00.000,200383
2020-08-05T19:20:00.000,188299
2020-08-05T19:30:00.000,174511
2020-08-05T19:40:00.000,165127
2020-08-05T19:50:00.000,157663
2020-08-05T20:00:00.000,146843
2020-08-05T20:10:00.000,127799
2020-08-05T20:20:00.000,132963
2020-08-05T20:30:00.000,115811
2020-08-05T20:40:00.000,117235
2020-08-05T20:50:00.000,113537
2020-08-05T21:00:00.000,104699
2020-08-05T21:10:00.000,106647
2020-08-05T21:20:00.000,101045
2020-08-05T21:30:00.000,91110
2020-08-05T21:40:00.000,90185
2020-08-05T21:50:00.000,83815
2020-08-05T22:00:00.000,89134
2020-08-05T22:10:00.000,83344
2020-08-05T22:20:00.000,74924
2020-08-05T22:30:00.000,76555
2020-08-05T22:40:00.000,79399
2020-08-05T22:50:00.000,70490
2020-08-05T23:00:00.000,72384
2020-08-05T23:10:00.000,69575
2020-08-05T23:20:00.000,59412
2020-08-05T23:30:00.000,56762
2020-08-05T23:40:00.000,52097
2020-08-05T23:50:00.000,54673
2020-08-06T00:00:00.000,58109
2020-08-06T00:10:00.000,55230
2020-08-06T00:20:00.000,61822
2020-08-06T00:30:00.000,50920
2020-08-06T00:40:00.000,46925
2020-08-06T00:50:00.000,49344
2020-08-06T01:00:00.000,47165
2020-08-06T01:10:00.000,44864
2020-08-06T01:20:00.000,46750
2020-08-06T01:30:00.000,46986
2020-08-06T01:40:00.000,44274
2020-08-06T01:50:00.000,43882
2020-08-06T02:00:00.000,42567
2020-08-06T02:10:00.000,39815
2020-08-06T02:20:00.000,39882
2020-08-06T02:30:00.000,40370
2020-08-06T02:40:00.000,39725
2020-08-06T02:50:00.000,39187
2020-08-06T03:00:00.000,40626
2020-08-06T03:10:00.000,39197
2020-08-06T03:20:00.000,41218
2020-08-06T03:30:00.000,39209
2020-08-06T03:40:00.000,38975
2020-08-06T03:50:00.000,39083
2020-08-06T04:00:00.000,40365
2020-08-06T04:10:00.000,38462
2020-08-06T04:20:00.000,37458
2020-08-06T04:30:00.000,37166
2020-08-06T04:40:00.000,39432
2020-08-06T04:50:00.000,42100
2020-08-06T05:00:00.000,44914
2020-08-06T05:10:00.000,43201
2020-08-06T05:20:00.000,44893
2020-08-06T05:30:00.000,46512
2020-08-06T05:40:00.000,47002
2020-08-06T05:50:00.000,51804
2020-08-06T06:00:00.000,57749
2020-08-06T06:10:00.000,52504
2020-08-06T06:20:00.000,51568
2020-08-06T06:30:00.000,63708
2020-08-06T06:40:00.000,75727
2020-08-06T06:50:00.000,87322
2020-08-06T07:00:00.000,102171
2020-08-06T07:10:00.000,136593
2020-08-06T07:20:00.000,159017
2020-08-06T07:30:00.000,219491
2020-08-06T07:40:00.000,295087
2020-08-06T07:50:00.000,438733
2020-08-06T08:00:00.000,581005
2020-08-06T08:10:00.000,628899
2020-08-06T08:20:00.000,825909
2020-08-06T08:30:00.000,1017475
2020-08-06T08:40:00.000,1111668
2020-08-06T08:50:00.000,1346789
2020-08-06T09:00:00.000,1398904
2020-08-06T09:10:00.000,1290516
2020-08-06T09:20:00.000,1262344
2020-08-06T09:30:00.000,1213995
2020-08-06T09:40:00.000,1241706
2020-08-06T09:50:00.000,1219492
2020-08-06T10:00:00.000,1188483
2020-08-06T10:10:00.000,1156296
2020-08-06T10:20:00.000,1133784
2020-08-06T10:30:00.000,1132558
2020-08-06T10:40:00.000,1114109
2020-08-06T10:50:00.000,1105492
2020-08-06T11:00:00.000,1116976
2020-08-06T11:10:00.000,1095887
2020-08-06T11:20:00.000,1081015
2020-08-06T11:30:00.000,995347
2020-08-06T11:40:00.000,934706
2020-08-06T11:50:00.000,853753
2020-08-06T12:00:00.000,616495
2020-08-06T12:10:00.000,536490
2020-08-06T12:20:00.000,532954
2020-08-06T12:30:00.000,478112
2020-08-06T12:40:00.000,483806
2020-08-06T12:50:00.000,589116
2020-08-06T13:00:00.000,865246
2020-08-06T13:10:00.000,910213
2020-08-06T13:20:00.000,948615
2020-08-06T13:30:00.000,1041071
2020-08-06T13:40:00.000,1024895
2020-08-06T13:50:00.000,1079916
2020-08-06T14:00:00.000,1012307
2020-08-06T14:10:00.000,1001141
2020-08-06T14:20:00.000,991180
2020-08-06T14:30:00.000,984276
2020-08-06T14:40:00.000,970239
2020-08-06T14:50:00.000,995588
2020-08-06T15:00:00.000,1008111
2020-08-06T15:10:00.000,977916
2020-08-06T15:20:00.000,985334
2020-08-06T15:30:00.000,958634
2020-08-06T15:40:00.000,995406
2020-08-06T15:50:00.000,995986
2020-08-06T16:00:00.000,980974
2020-08-06T16:10:00.000,1035175
2020-08-06T16:20:00.000,984395
2020-08-06T16:30:00.000,1000297
2020-08-06T16:40:00.000,1079260
2020-08-06T16:50:00.000,1095056
2020-08-06T17:00:00.000,1065661
2020-08-06T17:10:00.000,1026580
2020-08-06T17:20:00.000,1082672
2020-08-06T17:30:00.000,1012752
2020-08-06T17:40:00.000,979764
2020-08-06T17:50:00.000,1021387
2020-08-06T18:00:00.000,837673
2020-08-06T18:10:00.000,575465
2020-08-06T18:20:00.000,479079
2020-08-06T18:30:00.000,390738
2020-08-06T18:40:00.000,335998
2020-08-06T18:50:00.000,316084
2020-08-06T19:00:00.000,274612
2020-08-06T19:10:00.000,232945
2020-08-06T19:20:00.000,216668
2020-08-06T19:30:00.000,196761
2020-08-06T19:40:00.000,191455
2020-08-06T19:50:00.000,183285
2020-08-06T20:00:00.000,154877
2020-08-06T20:10:00.000,133979
2020-08-06T20:20:00.000,137112
2020-08-06T20:30:00.000,119190
2020-08-06T20:40:00.000,110844
2020-08-06T20:50:00.000,125896
2020-08-06T21:00:00.000,102639
2020-08-06T21:10:00.000,104087
2020-08-06T21:20:00.000,110374
2020-08-06T21:30:00.000,102351
2020-08-06T21:40:00.000,101966
2020-08-06T21:50:00.000,88778
2020-08-06T22:00:00.000,97204
2020-08-06T22:10:00.000,89679
2020-08-06T22:20:00.000,77872
2020-08-06T22:30:00.000,71682
2020-08-06T22:40:00.000,72978
2020-08-06T22:50:00.000,73688
2020-08-06T23:00:00.000,66153
2020-08-06T23:10:00.000,66245
2020-08-06T23:20:00.000,68735
2020-08-06T23:30:00.000,67058
2020-08-06T23:40:00.000,64158
2020-08-06T23:50:00.000,65803
2020-08-07T00:00:00.000,60617
2020-08-07T00:10:00.000,56364
2020-08-07T00:20:00.000,58180
2020-08-07T00:30:00.000,54674
2020-08-07T00:40:00.000,58088
2020-08-07T00:50:00.000,56514
2020-08-07T01:00:00.000,56612
2020-08-07T01:10:00.000,48436
2020-08-07T01:20:00.000,52294
2020-08-07T01:30:00.000,49342
2020-08-07T01:40:00.000,52779
2020-08-07T01:50:00.000,47049
2020-08-07T02:00:00.000,47465
2020-08-07T02:10:00.000,44602
2020-08-07T02:20:00.000,44273
2020-08-07T02:30:00.000,45686
2020-08-07T02:40:00.000,42803
2020-08-07T02:50:00.000,40305
2020-08-07T03:00:00.000,39558
2020-08-07T03:10:00.000,41242
2020-08-07T03:20:00.000,41195
2020-08-07T03:30:00.000,40155
2020-08-07T03:40:00.000,42715
2020-08-07T03:50:00.000,41940
2020-08-07T04:00:00.000,43907
2020-08-07T04:10:00.000,42139
2020-08-07T04:20:00.000,39053
2020-08-07T04:30:00.000,40177
2020-08-07T04:40:00.000,40569
2020-08-07T04:50:00.000,42897
2020-08-07T05:00:00.000,42428
2020-08-07T05:10:00.000,42085
2020-08-07T05:20:00.000,44647
2020-08-07T05:30:00.000,46585
2020-08-07T05:40:00.000,48213
2020-08-07T05:50:00.000,53816
2020-08-07T06:00:00.000,57555
2020-08-07T06:10:00.000,53615
2020-08-07T06:20:00.000,62035
2020-08-07T06:30:00.000,67488
2020-08-07T06:40:00.000,81688
2020-08-07T06:50:00.000,97158
2020-08-07T07:00:00.000,109494
2020-08-07T07:10:00.000,138389
2020-08-07T07:20:00.000,172421
2020-08-07T07:30:00.000,239729
2020-08-07T07:40:00.000,342305
2020-08-07T07:50:00.000,464288
2020-08-07T08:00:00.000,593246
2020-08-07T08:10:00.000,667952
2020-08-07T08:20:00.000,875692
2020-08-07T08:30:00.000,1019944
2020-08-07T08:40:00.000,1162371
2020-08-07T08:50:00.000,1350071
2020-08-07T09:00:00.000,1395983
2020-08-07T09:10:00.000,1251934
2020-08-07T09:20:00.000,1204549
2020-08-07T09:30:00.000,1172068
2020-08-07T09:40:00.000,1164792
2020-08-07T09:50:00.000,1136219
2020-08-07T10:00:00.000,1130252
2020-08-07T10:10:00.000,1105318
2020-08-07T10:20:00.000,1039800
2020-08-07T10:30:00.000,1037827
2020-08-07T10:40:00.000,1098353
2020-08-07T10:50:00.000,1057848
2020-08-07T11:00:00.000,1002267
2020-08-07T11:10:00.000,1027549
2020-08-07T11:20:00.000,1039053
2020-08-07T11:30:00.000,976840
2020-08-07T11:40:00.000,875127
2020-08-07T11:50:00.000,788176
2020-08-07T12:00:00.000,588628
2020-08-07T12:10:00.000,501923
2020-08-07T12:20:00.000,511786
2020-08-07T12:30:00.000,448667
2020-08-07T12:40:00.000,488769
2020-08-07T12:50:00.000,553534
2020-08-07T13:00:00.000,815363
2020-08-07T13:10:00.000,878136
2020-08-07T13:20:00.000,899806
2020-08-07T13:30:00.000,981997
2020-08-07T13:40:00.000,957180
2020-08-07T13:50:00.000,970856
2020-08-07T14:00:00.000,956866
2020-08-07T14:10:00.000,954808
2020-08-07T14:20:00.000,938049
2020-08-07T14:30:00.000,921902
2020-08-07T14:40:00.000,896404
2020-08-07T14:50:00.000,945299
2020-08-07T15:00:00.000,941660
2020-08-07T15:10:00.000,924430
2020-08-07T15:20:00.000,941317
2020-08-07T15:30:00.000,940163
2020-08-07T15:40:00.000,952627
2020-08-07T15:50:00.000,967055
2020-08-07T16:00:00.000,970606
2020-08-07T16:10:00.000,992257
2020-08-07T16:20:00.000,1013053
2020-08-07T16:30:00.000,997137
2020-08-07T16:40:00.000,1022945
2020-08-07T16:50:00.000,1069693
2020-08-07T17:00:00.000,1022778
2020-08-07T17:10:00.000,993617
2020-08-07T17:20:00.000,1023479
2020-08-07T17:30:00.000,996063
2020-08-07T17:40:00.000,866708
2020-08-07T17:50:00.000,922288
2020-08-07T18:00:00.000,734671
2020-08-07T18:10:00.000,520529
2020-08-07T18:20:00.000,418098
2020-08-07T18:30:00.000,323800
2020-08-07T18:40:00.000,273479
2020-08-07T18:50:00.000,243649
2020-08-07T19:00:00.000,222255
2020-08-07T19:10:00.000,180687
2020-08-07T19:20:00.000,156432
2020-08-07T19:30:00.000,162610
2020-08-07T19:40:00.000,149650
2020-08-07T19:50:00.000,138540
2020-08-07T20:00:00.000,127686
2020-08-07T20:10:00.000,106752
2020-08-07T20:20:00.000,103630
2020-08-07T20:30:00.000,107700
2020-08-07T20:40:00.000,95921
2020-08-07T20:50:00.000,96023
2020-08-07T21:00:00.000,92304
2020-08-07T21:10:00.000,88425
2020-08-07T21:20:00.000,77928
2020-08-07T21:30:00.000,81497
2020-08-07T21:40:00.000,71816
2020-08-07T21:50:00.000,84991
2020-08-07T22:00:00.000,96920
2020-08-07T22:10:00.000,66325
2020-08-07T22:20:00.000,65856
2020-08-07T22:30:00.000,61200
2020-08-07T22:40:00.000,54572
2020-08-07T22:50:00.000,54264
2020-08-07T23:00:00.000,58838
2020-08-07T23:10:00.000,53807
2020-08-07T23:20:00.000,51903
2020-08-07T23:30:00.000,53077
2020-08-07T23:40:00.000,51671
2020-08-07T23:50:00.000,49099
2020-08-08T00:00:00.000,47986
2020-08-08T00:10:00.000,48921
2020-08-08T00:20:00.000,43926
2020-08-08T00:30:00.000,49001
2020-08-08T00:40:00.000,46174
2020-08-08T00:50:00.000,44879
2020-08-08T01:00:00.000,41456
2020-08-08T01:10:00.000,43573
2020-08-08T01:20:00.000,42042
2020-08-08T01:30:00.000,43038
2020-08-08T01:40:00.000,41241
2020-08-08T01:50:00.000,39940
2020-08-08T02:00:00.000,39852
2020-08-08T02:10:00.000,41699
2020-08-08T02:20:00.000,35947
2020-08-08T02:30:00.000,38937
2020-08-08T02:40:00.000,37940
2020-08-08T02:50:00.000,35719
2020-08-08T03:00:00.000,36214
2020-08-08T03:10:00.000,36053
2020-08-08T03:20:00.000,37390
2020-08-08T03:30:00.000,37363
2020-08-08T03:40:00.000,36322
2020-08-08T03:50:00.000,36398
2020-08-08T04:00:00.000,33477
2020-08-08T04:10:00.000,38598
2020-08-08T04:20:00.000,36560
2020-08-08T04:30:00.000,35107
2020-08-08T04:40:00.000,34066
2020-08-08T04:50:00.000,34442
2020-08-08T05:00:00.000,37783
2020-08-08T05:10:00.000,39064
2020-08-08T05:20:00.000,36066
2020-08-08T05:30:00.000,38283
2020-08-08T05:40:00.000,41144
2020-08-08T05:50:00.000,43193
2020-08-08T06:00:00.000,41635
2020-08-08T06:10:00.000,47292
2020-08-08T06:20:00.000,42991
2020-08-08T06:30:00.000,49067
2020-08-08T06:40:00.000,50834
2020-08-08T06:50:00.000,47043
2020-08-08T07:00:00.000,54532
2020-08-08T07:10:00.000,49272
2020-08-08T07:20:00.000,54126
2020-08-08T07:30:00.000,62847
2020-08-08T07:40:00.000,67807
2020-08-08T07:50:00.000,83283
2020-08-08T08:00:00.000,95900
2020-08-08T08:10:00.000,86930
2020-08-08T08:20:00.000,104808
2020-08-08T08:30:00.000,115747
2020-08-08T08:40:00.000,125071
2020-08-08T08:50:00.000,128086
2020-08-08T09:00:00.000,139041
2020-08-08T09:10:00.000,136317
2020-08-08T09:20:00.000,129839
2020-08-08T09:30:00.000,133176
2020-08-08T09:40:00.000,129306
2020-08-08T09:50:00.000,139660
2020-08-08T10:00:00.000,136307
2020-08-08T10:10:00.000,135469
2020-08-08T10:20:00.000,144802
2020-08-08T10:30:00.000,136683
2020-08-08T10:40:00.000,133464
2020-08-08T10:50:00.000,139717
2020-08-08T11:00:00.000,133663
2020-08-08T11:10:00.000,139804
2020-08-08T11:20:00.000,132850
2020-08-08T11:30:00.000,121600
2020-08-08T11:40:00.000,118691
2020-08-08T11:50:00.000,107366
2020-08-08T12:00:00.000,108893
2020-08-08T12:10:00.000,109297
2020-08-08T12:20:00.000,99661
2020-08-08T12:30:00.000,99132
2020-08-08T12:40:00.000,100525
2020-08-08T12:50:00.000,108069
2020-08-08T13:00:00.000,118916
2020-08-08T13:10:00.000,107962
2020-08-08T13:20:00.000,109472
2020-08-08T13:30:00.000,112642
2020-08-08T13:40:00.000,113664
2020-08-08T13:50:00.000,114621
2020-08-08T14:00:00.000,113850
2020-08-08T14:10:00.000,118966
2020-08-08T14:20:00.000,104351
2020-08-08T14:30:00.000,114668
2020-08-08T14:40:00.000,117989
2020-08-08T14:50:00.000,119465
2020-08-08T15:00:00.000,111158
2020-08-08T15:10:00.000,128558
2020-08-08T15:20:00.000,103221
2020-08-08T15:30:00.000,113137
2020-08-08T15:40:00.000,102827
2020-08-08T15:50:00.000,112669
2020-08-08T16:00:00.000,104427
2020-08-08T16:10:00.000,92421
2020-08-08T16:20:00.000,103488
2020-08-08T16:30:00.000,95784
2020-08-08T16:40:00.000,99058
2020-08-08T16:50:00.000,98002
2020-08-08T17:00:00.000,100767
2020-08-08T17:10:00.000,88700
2020-08-08T17:20:00.000,88149
2020-08-08T17:30:00.000,93871
2020-08-08T17:40:00.000,87644
2020-08-08T17:50:00.000,88151
2020-08-08T18:00:00.000,69734
2020-08-08T18:10:00.000,69949
2020-08-08T18:20:00.000,67422
2020-08-08T18:30:00.000,60533
2020-08-08T18:40:00.000,58934
2020-08-08T18:50:00.000,58792
2020-08-08T19:00:00.000,55420
2020-08-08T19:10:00.000,53970
2020-08-08T19:20:00.000,50219
2020-08-08T19:30:00.000,53361
2020-08-08T19:40:00.000,53532
2020-08-08T19:50:00.000,56970
2020-08-08T20:00:00.000,52503
2020-08-08T20:10:00.000,50213
2020-08-08T20:20:00.000,52771
2020-08-08T20:30:00.000,46120
2020-08-08T20:40:00.000,48540
2020-08-08T20:50:00.000,47568
2020-08-08T21:00:00.000,53847
2020-08-08T21:10:00.000,53613
2020-08-08T21:20:00.000,54840
2020-08-08T21:30:00.000,53335
2020-08-08T21:40:00.000,53315
2020-08-08T21:50:00.000,45584
2020-08-08T22:00:00.000,45223
2020-08-08T22:10:00.000,44984
2020-08-08T22:20:00.000,42662
2020-08-08T22:30:00.000,40750
2020-08-08T22:40:00.000,42280
2020-08-08T22:50:00.000,40609
2020-08-08T23:00:00.000,42599
2020-08-08T23:10:00.000,39329
2020-08-08T23:20:00.000,42956
2020-08-08T23:30:00.000,36401
2020-08-08T23:40:00.000,38683
2020-08-08T23:50:00.000,38067
2020-08-09T00:00:00.000,37165
2020-08-09T00:10:00.000,36576
2020-08-09T00:20:00.000,33450
2020-08-09T00:30:00.000,33409
2020-08-09T00:40:00.000,36403
2020-08-09T00:50:00.000,35791
2020-08-09T01:00:00.000,34683
2020-08-09T01:10:00.000,33054
2020-08-09T01:20:00.000,36205
2020-08-09T01:30:00.000,36246
2020-08-09T01:40:00.000,35462
2020-08-09T01:50:00.000,31554
2020-08-09T02:00:00.000,32270
2020-08-09T02:10:00.000,30766
2020-08-09T02:20:00.000,33885
2020-08-09T02:30:00.000,30275
2020-08-09T02:40:00.000,30186
2020-08-09T02:50:00.000,32563
2020-08-09T03:00:00.000,31929
2020-08-09T03:10:00.000,32048
2020-08-09T03:20:00.000,29276
2020-08-09T03:30:00.000,28979
2020-08-09T03:40:00.000,30070
2020-08-09T03:50:00.000,29572
2020-08-09T04:00:00.000,28772
2020-08-09T04:10:00.000,29618
2020-08-09T04:20:00.000,28159
2020-08-09T04:30:00.000,28830
2020-08-09T04:40:00.000,30959
2020-08-09T04:50:00.000,32518
2020-08-09T05:00:00.000,30527
2020-08-09T05:10:00.000,31865
2020-08-09T05:20:00.000,31733
2020-08-09T05:30:00.000,32467
2020-08-09T05:40:00.000,31971
2020-08-09T05:50:00.000,32677
2020-08-09T06:00:00.000,35681
2020-08-09T06:10:00.000,30537
2020-08-09T06:20:00.000,32710
2020-08-09T06:30:00.000,37696
2020-08-09T06:40:00.000,37186
2020-08-09T06:50:00.000,35074
2020-08-09T07:00:00.000,37685
2020-08-09T07:10:00.000,34270
2020-08-09T07:20:00.000,36911
2020-08-09T07:30:00.000,42374
2020-08-09T07:40:00.000,42223
2020-08-09T07:50:00.000,50242
2020-08-09T08:00:00.000,58217
2020-08-09T08:10:00.000,46041
2020-08-09T08:20:00.000,63269
2020-08-09T08:30:00.000,68675
2020-08-09T08:40:00.000,67388
2020-08-09T08:50:00.000,68358
2020-08-09T09:00:00.000,75224
2020-08-09T09:10:00.000,54866
2020-08-09T09:20:00.000,64716
2020-08-09T09:30:00.000,62795
2020-08-09T09:40:00.000,71893
2020-08-09T09:50:00.000,69416
2020-08-09T10:00:00.000,66495
2020-08-09T10:10:00.000,76770
2020-08-09T10:20:00.000,73988
2020-08-09T10:30:00.000,67992
2020-08-09T10:40:00.000,74394
2020-08-09T10:50:00.000,70053
2020-08-09T11:00:00.000,72235
2020-08-09T11:10:00.000,68656
2020-08-09T11:20:00.000,73692
2020-08-09T11:30:00.000,75936
2020-08-09T11:40:00.000,77460
2020-08-09T11:50:00.000,73087
2020-08-09T12:00:00.000,70175
2020-08-09T12:10:00.000,73711
2020-08-09T12:20:00.000,66616
2020-08-09T12:30:00.000,66909
2020-08-09T12:40:00.000,66160
2020-08-09T12:50:00.000,66268
2020-08-09T13:00:00.000,67406
2020-08-09T13:10:00.000,71268
2020-08-09T13:20:00.000,74421
2020-08-09T13:30:00.000,83013
2020-08-09T13:40:00.000,78084
2020-08-09T13:50:00.000,77608
2020-08-09T14:00:00.000,74305
2020-08-09T14:10:00.000,72090
2020-08-09T14:20:00.000,69578
2020-08-09T14:30:00.000,72738
2020-08-09T14:40:00.000,68692
2020-08-09T14:50:00.000,76092
2020-08-09T15:00:00.000,71098
2020-08-09T15:10:00.000,78646
2020-08-09T15:20:00.000,72805
2020-08-09T15:30:00.000,77013
2020-08-09T15:40:00.000,68464
2020-08-09T15:50:00.000,71388
2020-08-09T16:00:00.000,75185
2020-08-09T16:10:00.000,68619
2020-08-09T16:20:00.000,77414
2020-08-09T16:30:00.000,73195
2020-08-09T16:40:00.000,73273
2020-08-09T16:50:00.000,74727
2020-08-09T17:00:00.000,72708
2020-08-09T17:10:00.000,70282
2020-08-09T17:20:00.000,70053
2020-08-09T17:30:00.000,64886
2020-08-09T17:40:00.000,73720
2020-08-09T17:50:00.000,73436
2020-08-09T18:00:00.000,73126
2020-08-09T18:10:00.000,61701
2020-08-09T18:20:00.000,59172
2020-08-09T18:30:00.000,62480
2020-08-09T18:40:00.000,61233
2020-08-09T18:50:00.000,55201
2020-08-09T19:00:00.000,62228
2020-08-09T19:10:00.000,58742
2020-08-09T19:20:00.000,56591
2020-08-09T19:30:00.000,51220
2020-08-09T19:40:00.000,60224
2020-08-09T19:50:00.000,63991
2020-08-09T20:00:00.000,58449
2020-08-09T20:10:00.000,63595
2020-08-09T20:20:00.000,56794
2020-08-09T20:30:00.000,66381
2020-08-09T20:40:00.000,62007
2020-08-09T20:50:00.000,63095
2020-08-09T21:00:00.000,64052
2020-08-09T21:10:00.000,58379
2020-08-09T21:20:00.000,58729
2020-08-09T21:30:00.000,58589
2020-08-09T21:40:00.000,54367
2020-08-09T21:50:00.000,53662
2020-08-09T22:00:00.000,55255
2020-08-09T22:10:00.000,50853
2020-08-09T22:20:00.000,48990
2020-08-09T22:30:00.000,51175
2020-08-09T22:40:00.000,46941
2020-08-09T22:50:00.000,52744
2020-08-09T23:00:00.000,58465
2020-08-09T23:10:00.000,48132
2020-08-09T23:20:00.000,42198
2020-08-09T23:30:00.000,46257
2020-08-09T23:40:00.000,47539
2020-08-09T23:50:00.000,47986
2020-08-10T00:00:00.000,44630
2020-08-10T00:10:00.000,46207
2020-08-10T00:20:00.000,44607
2020-08-10T00:30:00.000,42262
2020-08-10T00:40:00.000,38347
2020-08-10T00:50:00.000,34703
2020-08-10T01:00:00.000,33798
2020-08-10T01:10:00.000,33510
2020-08-10T01:20:00.000,36047
2020-08-10T01:30:00.000,33278
2020-08-10T01:40:00.000,33525
2020-08-10T01:50:00.000,32751
2020-08-10T02:00:00.000,34602
2020-08-10T02:10:00.000,30866
2020-08-10T02:20:00.000,32124
2020-08-10T02:30:00.000,31179
2020-08-10T02:40:00.000,28429
2020-08-10T02:50:00.000,30745
2020-08-10T03:00:00.000,28985
2020-08-10T03:10:00.000,28471
2020-08-10T03:20:00.000,29262
2020-08-10T03:30:00.000,30862
2020-08-10T03:40:00.000,32351
2020-08-10T03:50:00.000,29821
2020-08-10T04:00:00.000,28857
2020-08-10T04:10:00.000,30258
2020-08-10T04:20:00.000,34658
2020-08-10T04:30:00.000,28609
2020-08-10T04:40:00.000,30540
2020-08-10T04:50:00.000,30121
2020-08-10T05:00:00.000,32167
2020-08-10T05:10:00.000,31151
2020-08-10T05:20:00.000,32078
2020-08-10T05:30:00.000,32776
2020-08-10T05:40:00.000,38489
2020-08-10T05:50:00.000,44396
2020-08-10T06:00:00.000,50255
2020-08-10T06:10:00.000,50987
2020-08-10T06:20:00.000,63838
2020-08-10T06:30:00.000,74990
2020-08-10T06:40:00.000,97925
2020-08-10T06:50:00.000,131816
2020-08-10T07:00:00.000,175447
2020-08-10T07:10:00.000,207360
2020-08-10T07:20:00.000,305259
2020-08-10T07:30:00.000,404400
2020-08-10T07:40:00.000,558461
2020-08-10T07:50:00.000,796643
2020-08-10T08:00:00.000,960233
2020-08-10T08:10:00.000,1046318
2020-08-10T08:20:00.000,1290065
2020-08-10T08:30:00.000,1459461
2020-08-10T08:40:00.000,1598695
2020-08-10T08:50:00.000,1811274
2020-08-10T09:00:00.000,1817430
2020-08-10T09:10:00.000,1722085
2020-08-10T09:20:00.000,1658544
2020-08-10T09:30:00.000,1610349
2020-08-10T09:40:00.000,1622645
2020-08-10T09:50:00.000,1624848
2020-08-10T10:00:00.000,1492369
2020-08-10T10:10:00.000,1478102
2020-08-10T10:20:00.000,1484691
2020-08-10T10:30:00.000,1440734
2020-08-10T10:40:00.000,1429581
2020-08-10T10:50:00.000,1411698
2020-08-10T11:00:00.000,1374374
2020-08-10T11:10:00.000,1395398
2020-08-10T11:20:00.000,1425323
2020-08-10T11:30:00.000,1347224
2020-08-10T11:40:00.000,1324893
2020-08-10T11:50:00.000,1210082
2020-08-10T12:00:00.000,866885
2020-08-10T12:10:00.000,767021
2020-08-10T12:20:00.000,700273
2020-08-10T12:30:00.000,635821
2020-08-10T12:40:00.000,630795
2020-08-10T12:50:00.000,756370
2020-08-10T13:00:00.000,1091317
2020-08-10T13:10:00.000,1158871
2020-08-10T13:20:00.000,1206458
2020-08-10T13:30:00.000,1285611
2020-08-10T13:40:00.000,1239440
2020-08-10T13:50:00.000,1231139
2020-08-10T14:00:00.000,1201833
2020-08-10T14:10:00.000,1199182
2020-08-10T14:20:00.000,1193270
2020-08-10T14:30:00.000,1193459
2020-08-10T14:40:00.000,1231151
2020-08-10T14:50:00.000,1246098
2020-08-10T15:00:00.000,1209143
2020-08-10T15:10:00.000,1196013
2020-08-10T15:20:00.000,1214637
2020-08-10T15:30:00.000,1232566
2020-08-10T15:40:00.000,1230334
2020-08-10T15:50:00.000,1240042
2020-08-10T16:00:00.000,1246738
2020-08-10T16:10:00.000,1255564
2020-08-10T16:20:00.000,1283417
2020-08-10T16:30:00.000,1285939
2020-08-10T16:40:00.000,1317893
2020-08-10T16:50:00.000,1340517
2020-08-10T17:00:00.000,1300618
2020-08-10T17:10:00.000,1259422
2020-08-10T17:20:00.000,1291150
2020-08-10T17:30:00.000,1244758
2020-08-10T17:40:00.000,1175281
2020-08-10T17:50:00.000,1211440
2020-08-10T18:00:00.000,1029725
2020-08-10T18:10:00.000,711582
2020-08-10T18:20:00.000,587538
2020-08-10T18:30:00.000,506855
2020-08-10T18:40:00.000,431495
2020-08-10T18:50:00.000,385066
2020-08-10T19:00:00.000,335474
2020-08-10T19:10:00.000,289235
2020-08-10T19:20:00.000,266627
2020-08-10T19:30:00.000,237556
2020-08-10T19:40:00.000,221319
2020-08-10T19:50:00.000,219777
2020-08-10T20:00:00.000,194849
2020-08-10T20:10:00.000,157098
2020-08-10T20:20:00.000,157590
2020-08-10T20:30:00.000,137460
2020-08-10T20:40:00.000,140046
2020-08-10T20:50:00.000,133257
2020-08-10T21:00:00.000,116430
2020-08-10T21:10:00.000,113979
2020-08-10T21:20:00.000,105751
2020-08-10T21:30:00.000,92473
2020-08-10T21:40:00.000,101366
2020-08-10T21:50:00.000,102337
2020-08-10T22:00:00.000,100609
2020-08-10T22:10:00.000,78353
2020-08-10T22:20:00.000,84238
2020-08-10T22:30:00.000,83123
2020-08-10T22:40:00.000,78810
2020-08-10T22:50:00.000,77164
2020-08-10T23:00:00.000,77986
2020-08-10T23:10:00.000,66618
2020-08-10T23:20:00.000,66181
2020-08-10T23:30:00.000,65952
2020-08-10T23:40:00.000,58077
2020-08-10T23:50:00.000,62871
2020-08-11T00:00:00.000,60138
2020-08-11T00:10:00.000,56700
2020-08-11T00:20:00.000,59036
2020-08-11T00:30:00.000,57268
2020-08-11T00:40:00.000,57231
2020-08-11T00:50:00.000,50824
2020-08-11T01:00:00.000,52758
2020-08-11T01:10:00.000,50426
2020-08-11T01:20:00.000,50275
2020-08-11T01:30:00.000,50769
2020-08-11T01:40:00.000,49853
2020-08-11T01:50:00.000,50311
2020-08-11T02:00:00.000,49548
2020-08-11T02:10:00.000,49897
2020-08-11T02:20:00.000,44346
2020-08-11T02:30:00.000,45700
2020-08-11T02:40:00.000,43384
2020-08-11T02:50:00.000,41123
2020-08-11T03:00:00.000,45058
2020-08-11T03:10:00.000,44786
2020-08-11T03:20:00.000,44632
2020-08-11T03:30:00.000,46372
2020-08-11T03:40:00.000,42943
2020-08-11T03:50:00.000,44636
2020-08-11T04:00:00.000,41647
2020-08-11T04:10:00.000,43120
2020-08-11T04:20:00.000,43261
2020-08-11T04:30:00.000,43842
2020-08-11T04:40:00.000,45871
2020-08-11T04:50:00.000,44773
2020-08-11T05:00:00.000,44253
2020-08-11T05:10:00.000,47229
2020-08-11T05:20:00.000,44414
2020-08-11T05:30:00.000,46984
2020-08-11T05:40:00.000,54021
2020-08-11T05:50:00.000,58512
2020-08-11T06:00:00.000,54704
2020-08-11T06:10:00.000,60982
2020-08-11T06:20:00.000,70419
2020-08-11T06:30:00.000,81157
2020-08-11T06:40:00.000,96852
2020-08-11T06:50:00.000,116243
2020-08-11T07:00:00.000,130529
2020-08-11T07:10:00.000,163127
2020-08-11T07:20:00.000,226843
2020-08-11T07:30:00.000,292783
2020-08-11T07:40:00.000,413020
2020-08-11T07:50:00.000,593488
2020-08-11T08:00:00.000,737270
2020-08-11T08:10:00.000,802441
2020-08-11T08:20:00.000,989007
2020-08-11T08:30:00.000,1200790
2020-08-11T08:40:00.000,1263734
2020-08-11T08:50:00.000,1485624
2020-08-11T09:00:00.000,1583275
2020-08-11T09:10:00.000,1427925
2020-08-11T09:20:00.000,1423992
2020-08-11T09:30:00.000,1379755
2020-08-11T09:40:00.000,1345401
2020-08-11T09:50:00.000,1366717
2020-08-11T10:00:00.000,1292539
2020-08-11T10:10:00.000,1305856
2020-08-11T10:20:00.000,1280600
2020-08-11T10:30:00.000,1200881
2020-08-11T10:40:00.000,1251590
2020-08-11T10:50:00.000,1223366
2020-08-11T11:00:00.000,1202024
2020-08-11T11:10:00.000,1210959
2020-08-11T11:20:00.000,1186560
2020-08-11T11:30:00.000,1121428
2020-08-11T11:40:00.000,1066494
2020-08-11T11:50:00.000,918638
2020-08-11T12:00:00.000,1931
